,Балкон:,Вид из окна:,Высота потолков:,Год постройки:,До метро,Жилая площадь:,Координаты,Лифт:,Метро,Общая площадь:,Отделка:,Парковка:,Площадь комнат:,Площадь кухни:,Раздельных санузлов:,Ремонт:,Санузел:,Сдача ГК:,Совмещенных санузлов:,Статус помещения:,Телефон:,Тип дома:,Тип продажи:,Цена,Этаж:
1,1 балк.,–,,2015,"15
                мин.
                
                    на машине",20 м2,"[37.554169,55.493120]",1 пасс. + 1 груз.,"Бунинская аллея,",37 м2,,наземная,20 м2,9 м2,,косметический,,,1,,,"вторичка, 
            монолитный",свободная,4 250 000 руб.,10 / 18
2,1 балк.,двор и улица,,,"8
                мин.
                
                    на машине",21 м2,"[37.411526,55.646081]",1 пасс. + 1 груз.,"Юго-Западная,",40 м2,,,21 м2,"9,5 м2",1,косметический,,,,,да,"вторичка, 
            блочный",свободная,5 400 000 руб.,3 / 14
3,–,двор,,1970,"15
                мин.
                
                    пешком","34,9 м2","[37.462936,55.867607]",1 пасс. + 1 груз.,"Речной вокзал,",58 м2,,,"18,3-16,6 м2","8,1 м2",,евроремонт,,,1,,да,вторичка,свободная,9 150 000 руб.,4 / 17
4,–,двор,"3,15 м",2013,"15
                мин.
                
                    на машине",11 м2,"[37.552543,55.491804]",–,"Бунинская аллея,",15 м2,,наземная,11 м2,4 м2,,косметический,,,1,,,вторичка,свободная,1 390 000 руб.,1 / 3
5,–,двор,3 м,2014,"15
                мин.
                
                    на машине",12 м2,"[37.552543,55.491804]",–,"Бунинская аллея,",15 м2,,наземная,12 м2,–,,отсутствует,,,1,,нет,вторичка,свободная,1 390 000 руб.,3 / 4
6,–,–,,,"25
                мин.
                
                    на машине",26 м2,"[37.322593,55.648382]",–,"Киевская,",29 м2,,наземная,26 м2,–,,отсутствует,,,1,,,вторичка,свободная,1 440 000 руб.,3 / 3
7,–,двор,,,NA,18 м2,"[37.327327,55.648042]",–,"Киевская,","21,2 м2",,наземная,–,3 м2,,отсутствует,,,1,,,вторичка,свободная,1 790 000 руб.,1 / 3
8,–,двор,"2,64 м",1972,"12
                мин.
                
                    пешком",8 м2,"[37.617986,55.606690]",1 пасс.,"Пражская,",12 м2,,наземная,–,2 м2,,косметический,,,1,,,"вторичка, 
            панельный дом",свободная,1 790 000 руб.,1 / 9
9,–,улица,,,"35
                мин.
                
                    на машине","18,1 м2","[36.917628,55.497660]",–,"Саларьево,","34,8 м2",,,18.1 м2,"10,8 м2",,,нет,2 кв. 2017 года,,,,"новостройка, 
            панельный дом",переуступка,1 800 000 руб.,1 / 3
10,–,двор,"2,64 м",1968,"22
                мин.
                
                    пешком","11,8 м2","[37.648385,55.616676]",–,"Царицыно,","11,8 м2",,,9 м2,–,1,косметический,,,,,,вторичка,свободная,1 800 000 руб.,1 / 9
11,–,двор,"2,48 м",1964,"5
                мин.
                
                    пешком",8 м2,"[37.742061,55.798647]",–,"Локомотив,","11,5 м2",,,8 м2,3 м2,,косметический,,,1,,,вторичка,свободная,1 850 000 руб.,1 / 5
12,–,двор,"2,64 м",1966,"5
                мин.
                
                    пешком",8 м2,"[37.442266,55.855219]",1 пасс.,"Сходненская,","11,5 м2",,наземная,8 м2,–,,косметический,,,1,,да,вторичка,свободная,1 850 000 руб.,1 / 9
13,–,двор,,,"35
                мин.
                
                    на машине","18,1 м2","[36.917628,55.497660]",–,"Саларьево,","34,2 м2",,,"18,1 м2","10,2 м2",,,,1 кв. 2017 года,1,,,"новостройка, 
            панельный дом",переуступка,1 850 000 руб.,2 / 3
14,–,двор,"2,64 м",1966,"5
                мин.
                
                    пешком",8 м2,"[37.442266,55.855219]",1 пасс.,"Сходненская,",12 м2,,наземная,8 м2,"2,5 м2",,косметический,,,1,,,вторичка,свободная,1 850 000 руб.,1 / 9
15,–,двор,"3,20 м",,NA,20 м2,"[37.318002,55.614922]",–,NA,"26,7 м2",,,"26,7 м2",4 м2,1,косметический,,,,,,вторичка,свободная,1 860 000 руб.,1 / 2
16,–,двор,,,"10
                мин.
                
                    на машине",16 м2,"[37.468506,55.585057]",–,"Теплый Стан,",20 м2,,наземная,16 м2,"2,5 м2",,отсутствует,,,1,,,вторичка,свободная,1 890 000 руб.,1 / 3
17,1 балк.,двор,,,"37
                мин.
                
                    на машине","17,5 м2","[36.917628,55.497660]",1 пасс. + 1 груз.,"Саларьево,","34,0 м2",,,17.5 м2,"8,3 м2",1,,,4 кв. 2016 года,,,,"новостройка, 
            монолитный",свободная,1 950 000 руб.,1 / 3
18,–,двор,,,"10
                мин.
                
                    на машине",14 м2,"[37.469611,55.587005]",–,"Теплый Стан,",20 м2,,,14 м2,4 м2,,отсутствует,,,1,,,вторичка,свободная,1 990 000 руб.,1 / 3
19,–,–,"3,15 м",2005,"15
                мин.
                
                    на машине",23 м2,"[37.552543,55.491804]",–,"Бунинская аллея,",26 м2,,,23 м2,3 м2,,косметический,нет,,,,,вторичка,свободная,1 990 000 руб.,2 / 3
20,–,–,,,"34
                мин.
                
                    на машине","21,3 м2","[37.149927,55.967723]",2 пасс. + 2 груз.,"Митино,","21,3 м2",,,"21,3 м2",–,,,нет,2 кв. 2017 года,,,,"новостройка, 
            кирпичный",договор инвестирования,1 990 000 руб.,10 / 17
21,–,–,,,"34
                мин.
                
                    на машине",15 м2,"[37.150548,55.966409]",2 пасс. + 2 груз.,"Митино,","21,3 м2",,,15 м2,–,,,,2 кв. 2017 года,1,,,"новостройка, 
            монолитный",договор инвестирования,1 990 000 руб.,11 / 17
22,1 лодж.,двор,3 м,2014,"15
                мин.
                
                    на машине",10 м2,"[37.552543,55.491804]",–,"Бунинская аллея,","24,6 м2",,наземная,10 м2,6 м2,,отсутствует,,,1,,нет,вторичка,свободная,1 990 000 руб.,3 / 4
23,–,улица,"2,70 м",2015,"20
                мин.
                
                    на машине","16,5 м2","[37.554439,55.495098]",1 пасс. + 1 груз.,"Бунинская аллея,",19 м2,,наземная,"16,5 м2",–,,отсутствует,,,1,,нет,вторичка,свободная,1 990 000 руб.,2 / 21
24,1 балк. + 1 лодж.,двор и улица,,,"15
                мин.
                
                    на машине",28 м2,"[37.339166,55.552113]",2 пасс. + 1 груз.,"Саларьево,",29 м2,,наземная,28 м2,–,1,,,2 кв. 2017 года,,,,"новостройка, 
            кирпичный",214-ФЗ,1 999 000 руб.,4 / 4
25,–,–,,,NA,12 м2,"[37.470048,55.564036]",–,NA,"20,3 м2",,,12 м2,–,,,,3 кв. 2018 года,1,,,новостройка,214-ФЗ,2 030 000 руб.,3 / 17
26,–,–,,,NA,15 м2,"[37.470048,55.564036]",2 пасс. + 1 груз.,NA,"20,3 м2",,подземная,15 м2,5 м2,,,,1 кв. 2018 года,1,,,новостройка,предварительный договор,2 030 000 руб.,6 / 15
27,–,улица,,,"20
                мин.
                
                    на машине",13 м2,"[37.323796,55.648037]",–,"Киевская,","19,3 м2",,наземная,13 м2,4 м2,,отсутствует,,,1,,,вторичка,свободная,2 040 000 руб.,1 / 3
28,–,двор,,,"15
                мин.
                
                    на машине",14 м2,"[37.539042,55.504206]",1 пасс.,"Бунинская аллея,",21 м2,,наземная,14 м2,3 м2,,отсутствует,,,1,,,вторичка,свободная,2 090 000 руб.,1 / 19
29,–,двор и улица,,,"7
                мин.
                
                    пешком",105 м2,"[37.576726,55.730892]",–,"Фрунзенская,","141,5 м2",,,50+35+25 м2,–,2,дизайнерский,,,,,,вторичка,свободная,"3 900 000 $

            
            

    
        ~ 219 083 670 руб",5 / 11
30,1 лодж.,двор и улица,,,"5
                мин.
                
                    пешком",47 м2,"[37.436203,55.848690]",2 пасс. + 2 груз.,"Сходненская,",97 м2,,,20-27 м2,26 м2,1,дизайнерский,,,,,да,вторичка,свободная,19 499 000 руб.,4 / 12
31,нет,двор и улица,"3,20 м",1911,"3
                мин.
                
                    пешком",106 м2,"[37.604969,55.749983]",1 пасс.,"Арбатская,",157 м2,,наземная,45+19+18-14-10 м2,10 м2,,дизайнерский,,,2,,,"вторичка, 
            кирпичный",свободная,"2 123 000 $

            
            

    
        ~ 119 260 162 руб",4 / 6
32,–,двор,,,NA,16 м2,"[37.536850,55.503206]",2 пасс. + 2 груз.,"Бунинская аллея,",21 м2,,наземная,16 м2,"2,5 м2",,отсутствует,,,1,,,вторичка,свободная,2 090 000 руб.,2 / 22
33,1 балк.,двор,,,"20
                мин.
                
                    на машине",19 м2,"[36.918423,55.495359]",–,"Румянцево,",35 м2,,,19 м2,10 м2,,отсутствует,,,1,,,вторичка,свободная,2 100 000 руб.,3 / 3
34,1 балк.,двор,,,"30
                мин.
                
                    на машине","12,7 м2","[37.150548,55.966409]",1 пасс. + 1 груз.,"Пятницкое шоссе,","22,3 м2",,,12.69 м2,"3,7 м2",,,,3 кв. 2018 года,1,,,"новостройка, 
            монолитный",свободная,2 161 544 руб.,10 / 18
35,–,–,"2,64 м",1998,"10
                мин.
                
                    пешком",8 м2,"[37.517761,55.529456]",–,"Бунинская аллея,","14,5 м2",,,8 м2,3 м2,,отсутствует,,,1,,,вторичка,свободная,2 190 000 руб.,1 / 10
36,1 балк.,двор,,,"20
                мин.
                
                    на машине","21,3 м2","[37.339166,55.552113]",–,"Теплый Стан,","31,5 м2",,,21.3 м2,8 м2,,,,3 кв. 2017 года,1,,,новостройка,переуступка,2 200 000 руб.,3 / 4
37,–,двор,"2,60 м",2015,NA,15 м2,"[37.926144,55.704174]",–,"Выхино,",42 м2,,наземная,10+5 м2,12 м2,,косметический,,,1,,,"вторичка, 
            блочный",свободная,2 200 000 руб.,1 / 2
38,1 балк.,двор,,,"30
                мин.
                
                    на машине","12,5 м2","[37.150548,55.966409]",1 пасс. + 1 груз.,"Пятницкое шоссе,","20,7 м2",,,12.47 м2,–,,,,3 кв. 2018 года,1,,,"новостройка, 
            монолитный",свободная,2 204 662 руб.,3 / 18
39,–,улица,,1974,"20
                мин.
                
                    на машине",13 м2,"[37.323796,55.648037]",–,"Киевская,",19 м2,,,13 м2,4 м2,,отсутствует,,,1,,,вторичка,свободная,2 240 000 руб.,2 / 3
40,–,двор,,,NA,20 м2,"[37.324668,55.648225]",–,"Киевская,",26 м2,,наземная,20 м2,4 м2,,отсутствует,,,1,,,вторичка,свободная,2 240 000 руб.,2 / 3
41,1 балк.,двор,,,"30
                мин.
                
                    на машине","15,8 м2","[37.150548,55.966409]",1 пасс. + 1 груз.,"Пятницкое шоссе,","22,6 м2",,,15.81 м2,–,,,,3 кв. 2018 года,1,,,"новостройка, 
            монолитный",свободная,2 241 470 руб.,16 / 18
42,–,двор,,,"9
                мин.
                
                    пешком",11 м2,"[37.734946,55.728003]",–,"Нижегородская,",15 м2,,наземная,11 м2,–,,отсутствует,,,1,,да,вторичка,свободная,2 250 000 руб.,2 / 3
43,1 балк.,двор,,,"30
                мин.
                
                    на машине","12,6 м2","[37.150548,55.966409]",1 пасс. + 1 груз.,"Пятницкое шоссе,","20,9 м2",,,12.64 м2,–,,,,3 кв. 2018 года,1,,,"новостройка, 
            монолитный",свободная,2 266 719 руб.,10 / 18
44,1 балк.,двор,,,"30
                мин.
                
                    на машине","13,5 м2","[37.150548,55.966409]",1 пасс. + 1 груз.,"Пятницкое шоссе,","22,5 м2",,,13.48 м2,–,,,,3 кв. 2018 года,1,,,"новостройка, 
            монолитный",свободная,2 268 771 руб.,3 / 18
45,–,двор,,,NA,22 м2,"[37.322593,55.648382]",–,"Киевская,",27 м2,,наземная,22 м2,"2,5 м2",,отсутствует,,,1,,,"вторичка, 
            кирпичный",свободная,2 290 000 руб.,2 / 3
46,–,двор,,,"20
                мин.
                
                    на машине",20 м2,"[37.323715,55.646675]",–,"Киевская,",27 м2,,,20 м2,4 м2,,отсутствует,,,1,,,вторичка,свободная,2 290 000 руб.,2 / 3
47,–,двор,,,NA,22 м2,"[37.322593,55.648382]",–,"Киевская,",27 м2,,наземная,22 м2,"2,5 м2",,отсутствует,,,1,,,"вторичка, 
            кирпичный",свободная,2 290 000 руб.,2 / 3
48,1 лодж.,–,"2,80 м",2015,"20
                мин.
                
                    на машине","16,8 м2","[37.864088,55.744875]",–,"Новокосино,","35,6 м2",,наземная,"16,8 м2","8,6 м2",,отсутствует,,,1,,,"вторичка, 
            кирпично-монолитный",свободная,2 300 000 руб.,1 / 3
49,1 балк.,двор,,,"30
                мин.
                
                    на машине","14,3 м2","[37.150548,55.966409]",1 пасс. + 1 груз.,"Пятницкое шоссе,","22,1 м2",,,14.26 м2,–,,,,3 кв. 2018 года,1,,,"новостройка, 
            монолитный",свободная,2 308 405 руб.,2 / 18
50,1 балк.,двор,,,"30
                мин.
                
                    на машине","14,3 м2","[37.150548,55.966409]",1 пасс. + 1 груз.,"Пятницкое шоссе,","22,2 м2",,,14.26 м2,–,,,,3 кв. 2018 года,1,,,"новостройка, 
            монолитный",свободная,2 308 800 руб.,2 / 18
51,–,улица,"2,48 м",1964,"6
                мин.
                
                    пешком",10 м2,"[37.742061,55.798647]",–,"Локомотив,","14,3 м2",,наземная,10 м2,2 м2,,косметический,,,1,,,вторичка,свободная,2 350 000 руб.,1 / 5
52,1 лодж.,двор,,,"20
                мин.
                
                    на машине",17 м2,"[37.395328,55.519412]",1 пасс. + 1 груз.,"Теплый Стан,","28,8 м2",,,17.1 м2,10 м2,,,,3 кв. 2017 года,1,,,"новостройка, 
            кирпичный",переуступка,2 350 000 руб.,2 / 8
53,1 балк.,двор,,,"30
                мин.
                
                    на машине","15,8 м2","[37.150548,55.966409]",1 пасс. + 1 груз.,"Пятницкое шоссе,","24,3 м2",,,15.77 м2,–,,,,3 кв. 2018 года,1,,,"новостройка, 
            монолитный",свободная,2 359 040 руб.,17 / 18
54,–,двор,"2,64 м",1998,"10
                мин.
                
                    пешком",14 м2,"[37.517761,55.529456]",2 пасс.,"Бунинская аллея,",18 м2,,наземная,14 м2,"2,5 м2",,косметический,,,1,,,вторичка,свободная,2 390 000 руб.,1 / 10
55,1 балк.,двор,,,NA,18 м2,"[37.535412,55.503757]",2 пасс. + 2 груз.,"Бунинская аллея,",24 м2,,наземная,18 м2,"2,5 м2",,отсутствует,,,1,,,"вторичка, 
            монолитный",свободная,2 390 000 руб.,2 / 22
56,1 балк.,двор,,1966,"10
                мин.
                
                    пешком",10 м2,"[37.750065,55.709997]",1 пасс.,"Текстильщики,","15,5 м2",,наземная,10 м2,"2,5 м2",,косметический,,,1,,,вторичка,свободная,2 390 000 руб.,1 / 9
57,1 лодж.,двор и улица,,,"10
                мин.
                
                    пешком",72 м2,"[37.560071,55.659571]",1 пасс. + 1 груз.,"Калужская,","129,8 м2",,,22-18-32 м2,17 м2,,,,,2,,да,"вторичка, 
            монолитный",свободная,32 450 000 руб.,8 / 18
58,1 балк.,двор и улица,,,"10
                мин.
                
                    на машине",42 м2,"[37.529708,55.726396]",1 пасс. + 1 груз.,"Киевская,",70 м2,,,24-18 м2,9 м2,1,евроремонт,,,,,да,"вторичка, 
            сталинский",свободная,15 900 000 руб.,6 / 8
59,1 балк.,двор,"2,64 м",1963,"15
                мин.
                
                    пешком",30 м2,"[37.777940,55.697696]",–,"Кузьминки,",45 м2,,наземная,18+12 м2,6 м2,,косметический,,,1,,да,вторичка,свободная,5 600 000 руб.,2 / 5
60,–,двор,"2,64 м",1998,"10
                мин.
                
                    пешком",13 м2,"[37.517761,55.529456]",–,"Бунинская аллея,",18 м2,,,13 м2,4 м2,,косметический,,,1,,да,вторичка,свободная,2 390 000 руб.,1 / 10
61,1 лодж.,двор,"2,70 м",2015,"15
                мин.
                
                    на машине",18 м2,"[37.554439,55.495098]",–,"Бунинская аллея,",25 м2,,наземная,18 м2,4 м2,,отсутствует,,,1,,да,вторичка,свободная,2 390 000 руб.,2 / 21
62,–,–,,,"9
                мин.
                
                    пешком",24 м2,"[37.432816,55.618862]",–,"Саларьево,",26 м2,,наземная,24 м2,–,,евроремонт,,,1,,,вторичка,свободная,2 390 000 руб.,2 / 3
63,1 балк.,улица,,,"30
                мин.
                
                    на машине","16,5 м2","[36.917628,55.497660]",–,"Саларьево,","36,7 м2",,наземная,"16,46 м2","12,4 м2",,,нет,2 кв. 2017 года,,,,"новостройка, 
            монолитный",переуступка,2 400 000 руб.,2 / 3
64,1 балк.,двор,,,"15
                мин.
                
                    на машине",20 м2,"[37.339166,55.552113]",1 пасс.,"Саларьево,",32 м2,,наземная,25 м2,5 м2,,,нет,2 кв. 2018 года,,,,"новостройка, 
            панельный дом",214-ФЗ,2 400 000 руб.,4 / 4
65,–,двор,"2,64 м",2002,NA,13 м2,"[37.646265,55.588272]",1 пасс. + 1 груз.,NA,17 м2,,,–,4 м2,,отсутствует,,,1,,нет,вторичка,свободная,2 431 000 руб.,1 / 14
66,1 балк.,двор,,,"30
                мин.
                
                    на машине","16,4 м2","[37.150548,55.966409]",1 пасс. + 1 груз.,"Пятницкое шоссе,","25,2 м2",,,16.36 м2,–,,,,3 кв. 2018 года,1,,,"новостройка, 
            монолитный",свободная,2 457 975 руб.,13 / 18
67,1 балк.,–,,,"3
                мин.
                
                    на машине",–,"[37.651412,55.605856]",–,"Царицыно,","24,9 м2",,,–,–,,,–,2017 год,,,,новостройка,214-ФЗ,2 460 600 руб.,18 / 18
68,–,двор,"2,80 м",,"39
                мин.
                
                    на машине","23,7 м2","[37.096657,55.586949]",–,"Саларьево,","27,1 м2",,наземная,"27,1 м2",–,,косметический,,,1,апартаменты,нет,вторичка,свободная,2 484 000 руб.,1 / 3
69,–,двор,"2,64 м",1998,"10
                мин.
                
                    пешком",14 м2,"[37.517761,55.529456]",–,"Бунинская аллея,",19 м2,,,14 м2,4 м2,,косметический,,,1,,,вторичка,свободная,2 490 000 руб.,1 / 10
70,1 балк.,двор,,,"30
                мин.
                
                    на машине","16,4 м2","[37.150548,55.966409]",1 пасс. + 1 груз.,"Пятницкое шоссе,","25,1 м2",,,16.36 м2,–,,,,3 кв. 2018 года,1,,,"новостройка, 
            монолитный",свободная,2 497 450 руб.,4 / 18
71,1 лодж.,–,"2,80 м",,"20
                мин.
                
                    на машине","16,2 м2","[37.345122,55.518826]",1 пасс. + 1 груз.,"Теплый Стан,","26,3 м2",,открытая,16.20 м2,"3,4 м2",1,,,2018 год,,,,"новостройка, 
            панельный дом",переуступка,2 498 500 руб.,8 / 17
72,–,улица,,,"35
                мин.
                
                    на машине","21,5 м2","[37.125779,55.585328]",1 пасс. + 1 груз.,"Саларьево,","30,2 м2",,,21.5 м2,–,,,,1 кв. 2017 года,1,,,новостройка,214-ФЗ,2 500 000 руб.,5 / 7
73,1 балк.,–,,,"3
                мин.
                
                    на машине",–,"[37.651412,55.605856]",–,"Царицыно,","25,1 м2",,,–,–,,,–,2017 год,,,,новостройка,214-ФЗ,2 507 200 руб.,11 / 18
74,нет,двор,,,"10
                мин.
                
                    пешком","13,1 м2","[37.582403,55.840153]",1 пасс. + 1 груз.,"Петровско-Разумовская,","16,0 м2",,,13.06 м2,–,,,,4 кв. 2018 года,1,,,"новостройка, 
            монолитный",свободная,2 539 152 руб.,13 / 14
75,1 балк.,улица,,2015,NA,16 м2,"[36.865826,55.431335]",1 пасс. + 1 груз.,NA,28 м2,,наземная,16 м2,4 м2,,отсутствует,,,1,,,вторичка,свободная,2 550 000 руб.,15 / 16
76,1 балк.,–,,,"3
                мин.
                
                    на машине",–,"[37.651412,55.605856]",–,"Царицыно,",26 м2,,,–,–,,,–,2017 год,,,,новостройка,214-ФЗ,2 587 900 руб.,11 / 18
77,–,двор,"2,64 м",1966,"5
                мин.
                
                    пешком",12 м2,"[37.442266,55.855219]",1 пасс.,"Сходненская,","16,5 м2",,наземная,12 м2,–,,косметический,,,1,,да,вторичка,свободная,2 590 000 руб.,1 / 9
78,–,двор,"2,64 м",1966,"7
                мин.
                
                    пешком",14 м2,"[37.442266,55.855219]",1 пасс.,"Сходненская,",17 м2,,наземная,14 м2,"2,5 м2",,косметический,,,1,,,"вторичка, 
            панельный дом",свободная,2 590 000 руб.,1 / 9
79,1 балк.,двор,,,"30
                мин.
                
                    на машине","17,5 м2","[37.150548,55.966409]",1 пасс. + 1 груз.,"Пятницкое шоссе,","26,9 м2",,,17.83 м2,–,,,,3 кв. 2018 года,1,,,"новостройка, 
            монолитный",свободная,2 591 232 руб.,3 / 18
80,1 лодж.,двор,,,"15
                мин.
                
                    на машине",16 м2,"[37.339166,55.552113]",–,"Саларьево,",29 м2,,,16 м2,10 м2,1,,,2 кв. 2017 года,,,,"новостройка, 
            кирпичный",переуступка,2 600 000 руб.,3 / 4
81,1 лодж.,двор,,,"25
                мин.
                
                    на машине",18 м2,"[37.314813,55.492212]",1 пасс. + 1 груз.,"Теплый Стан,",40 м2,,подземная,18 м2,10 м2,1,,,дом сдан,,,,новостройка,переуступка,2 600 000 руб.,7 / 19
82,–,двор,"2,64 м",1963,"5
                мин.
                
                    пешком",13 м2,"[37.547135,55.842085]",–,"Лихоборы,",18 м2,,наземная,13 м2,3 м2,,косметический,,,1,,да,вторичка,альтернатива,2 650 000 руб.,2 / 5
83,–,двор,"2,70 м",1963,"5
                мин.
                
                    пешком",13 м2,"[37.546031,55.842737]",–,"Лихоборы,",18 м2,,,13 м2,3 м2,,косметический,,,1,,,вторичка,свободная,2 650 000 руб.,2 / 5
84,1 балк.,двор,,,"30
                мин.
                
                    на машине","11,5 м2","[37.150548,55.966409]",1 пасс. + 1 груз.,"Пятницкое шоссе,","27,0 м2",,,11.54 м2,"9,1 м2",,,,3 кв. 2018 года,1,,,"новостройка, 
            монолитный",свободная,2 658 515 руб.,12 / 18
85,1 лодж.,двор,,2013,"9
                мин.
                
                    пешком",1 м2,"[37.618569,55.722142]",1 пасс. + 1 груз.,"Серпуховская,",136 м2,,,136 м2,–,1,отсутствует,,,1,,нет,вторичка,свободная,55 000 000 руб.,3 / 14
86,–,–,,,NA,65 м2,"[37.550048,55.762163]",–,"Улица 1905 года,","94,1 м2",,,–,–,,,нет,4 кв. 2017 года,,,,новостройка,переуступка,34 609 980 руб.,8 / 17
87,4 балк.,двор,,,"16
                мин.
                
                    пешком",–,"[37.701376,55.819757]",2 пасс. + 2 груз.,"Белокаменная,",168 м2,,наземная,–,–,,косметический,,,4,,,вторичка,свободная,36 000 000 руб.,3 / 19
88,–,–,,,"30
                мин.
                
                    на машине",17 м2,"[37.326844,55.432982]",1 пасс.,"Теплый Стан,","39,4 м2",,,17 м2,11 м2,,,нет,3 кв. 2017 года,,,,новостройка,214-ФЗ,2 690 000 руб.,4 / 9
89,–,двор,"2,64 м",1972,"16
                мин.
                
                    пешком",13 м2,"[37.617986,55.606690]",1 пасс.,"Пражская,",18 м2,,,13 м2,3 м2,,косметический,,,1,,да,вторичка,свободная,2 690 000 руб.,1 / 9
90,–,двор,"2,64 м",1972,"16
                мин.
                
                    пешком",13 м2,"[37.617986,55.606690]",1 пасс.,"Пражская,",18 м2,,наземная,13 м2,"2,5 м2",,косметический,,,1,,,вторичка,свободная,2 690 000 руб.,1 / 9
91,–,двор,,1962,"18
                мин.
                
                    пешком",9 м2,"[37.726754,55.766344]",–,"Соколиная гора,",13 м2,,,9 м2,2 м2,,отсутствует,,,1,,,вторичка,свободная,2 700 000 руб.,4 / 5
92,–,двор,"2,64 м",1968,"30
                мин.
                
                    пешком","16,1 м2","[37.648385,55.616676]",–,"Алма-Атинская,","19,1 м2",,,19.1 м2,3 м2,,косметический,,,1,,нет,вторичка,свободная,2 700 000 руб.,1 / 9
93,1 лодж.,двор,,,"20
                мин.
                
                    на машине","17,9 м2","[37.548865,55.925023]",1 пасс. + 1 груз.,"Алтуфьево,","25,5 м2",,,17.9 м2,–,,,,1 кв. 2019 года,1,,,"новостройка, 
            монолитный",свободная,2 728 500 руб.,2 / 16
94,1 балк.,двор,,,"30
                мин.
                
                    на машине","13,8 м2","[37.150548,55.966409]",1 пасс. + 1 груз.,"Пятницкое шоссе,","29,2 м2",,,13.75 м2,"8,9 м2",,,,3 кв. 2018 года,1,,,"новостройка, 
            монолитный",свободная,2 740 836 руб.,14 / 18
95,1 лодж.,–,,,NA,19 м2,"[37.314813,55.492212]",1 пасс. + 1 груз.,"Теплый Стан,",40 м2,,подземная,19 м2,11 м2,1,,,2 кв. 2017 года,,,,новостройка,переуступка,2 750 000 руб.,4 / 17
96,1 лодж.,двор,,,"25
                мин.
                
                    на машине",35 м2,"[37.311112,55.548706]",–,"Теплый Стан,",48 м2,,,"22,5-12,5 м2",1 м2,,,,3 кв. 2017 года,1,,,новостройка,переуступка,2 750 000 руб.,7 / 12
97,–,двор,"2,45 м",1974,"7
                мин.
                
                    на машине","8,6 м2","[37.500324,55.869319]",2 пасс.,"Речной вокзал,","12,7 м2",,на крыше,"8,6 м2",2 м2,,евроремонт,,,1,,да,"вторичка, 
            панельный дом",свободная,2 784 500 руб.,3 / 9
98,–,двор,,1959,"3
                мин.
                
                    пешком",10 м2,"[37.642689,55.820834]",–,"ВДНХ,","14,5 м2",,,–,2 м2,,косметический,,,1,,,вторичка,альтернатива,2 790 000 руб.,2 / 8
99,нет,двор,3 м,,NA,10 м2,"[37.642689,55.820834]",1 пасс.,"ВДНХ,","14,5 м2",,,–,3 м2,,косметический,,,1,,,"вторичка, 
            кирпичный",альтернатива,2 790 000 руб.,2 / 8
100,1 балк.,двор,,,"30
                мин.
                
                    на машине","13,6 м2","[37.150548,55.966409]",1 пасс. + 1 груз.,"Пятницкое шоссе,","29,3 м2",,,13.64 м2,"9,1 м2",,,,3 кв. 2018 года,1,,,"новостройка, 
            монолитный",свободная,2 792 290 руб.,17 / 18
101,1 балк.,улица,,,"37
                мин.
                
                    на машине","31,4 м2","[36.917628,55.497660]",1 пасс. + 1 груз.,"Саларьево,","51,7 м2",,,13.3-18.1 м2,"10,2 м2",1,,,4 кв. 2016 года,,,,"новостройка, 
            монолитный",свободная,2 800 000 руб.,3 / 3
102,1 балк.,улица,,,"37
                мин.
                
                    на машине","28,4 м2","[36.917628,55.497660]",1 пасс. + 1 груз.,"Саларьево,","51,2 м2",,,13-15.4 м2,"10,2 м2",1,,,4 кв. 2016 года,,,,"новостройка, 
            монолитный",свободная,2 800 000 руб.,3 / 3
103,1 балк.,двор,,1966,"35
                мин.
                
                    на машине",19 м2,"[37.798376,56.005848]",–,"Медведково,",34 м2,,,19 м2,7 м2,,косметический,,,1,,да,вторичка,свободная,2 800 000 руб.,2 / 3
104,нет,двор,,,"15
                мин.
                
                    на машине","10,7 м2","[37.481457,55.576680]",2 пасс. + 1 груз.,"Теплый Стан,","22,1 м2",,,10.7 м2,"3,4 м2",,,,1 кв. 2018 года,1,,,"новостройка, 
            кирпично-монолитный",свободная,2 804 490 руб.,8 / 21
105,1 балк.,двор,,,"1
                мин.
                
                    пешком","7,3 м2","[37.414769,55.618842]",1 пасс. + 2 груз.,"Саларьево,","20,1 м2",,,7.3 м2,"5,5 м2",,,,2 кв. 2019 года,1,,,"новостройка, 
            монолитный",свободная,2 809 980 руб.,5 / 25
106,1 балк.,двор,,,"1
                мин.
                
                    пешком","7,3 м2","[37.414769,55.618842]",1 пасс. + 2 груз.,"Саларьево,","20,2 м2",,,7.3 м2,"5,5 м2",,,,2 кв. 2019 года,1,,,"новостройка, 
            монолитный",свободная,2 823 960 руб.,4 / 25
107,1 балк.,двор,,,"30
                мин.
                
                    на машине","15,0 м2","[37.150548,55.966409]",1 пасс. + 1 груз.,"Пятницкое шоссе,","30,5 м2",,,15.01 м2,"8,8 м2",,,,3 кв. 2018 года,1,,,"новостройка, 
            монолитный",свободная,2 828 544 руб.,14 / 18
108,нет,двор,,,"15
                мин.
                
                    на машине",10 м2,"[37.481457,55.576680]",2 пасс. + 1 груз.,"Теплый Стан,","24,3 м2",,,10 м2,"7,3 м2",,,,1 кв. 2018 года,1,,,"новостройка, 
            кирпично-монолитный",свободная,2 835 810 руб.,5 / 21
109,–,двор,,,"60
                мин.
                
                    на машине","24,7 м2","[37.075601,55.214275]",–,"Теплый Стан,","39,3 м2",,наземная,"11,3-13,4 м2","5,1 м2",1,косметический,,,,,,вторичка,свободная,2 850 000 руб.,2 / 2
110,нет,двор,,,"5
                мин.
                
                    на машине",10 м2,"[37.484935,55.541158]",1 пасс. + 1 груз.,"Бунинская аллея,","23,1 м2",,,10 м2,"6,4 м2",,,,2 кв. 2018 года,1,,,"новостройка, 
            монолитный",свободная,2 857 470 руб.,1 / 18
111,–,двор,"2,64 м",2002,NA,16 м2,"[37.646265,55.588272]",1 пасс. + 1 груз.,NA,20 м2,,,–,4 м2,,отсутствует,,,1,,нет,вторичка,свободная,2 860 000 руб.,1 / 14
112,–,–,"2,80 м",2002,"9
                мин.
                
                    на машине",15 м2,"[37.646265,55.588272]",1 пасс. + 1 груз.,"Пражская,",20 м2,,наземная,–,5 м2,,косметический,,,1,,,"вторичка, 
            кирпичный",свободная,2 860 000 руб.,1 / 14
113,–,–,,,NA,–,"[37.555139,55.761350]",1 пасс. + 1 груз.,NA,"70,9 м2",,,–,–,,,–,дом сдан,,,,новостройка,свободная,32 645 200 руб.,2 / 18
114,1 лодж.,улица,"3,60 м",2014,"3
                мин.
                
                    пешком","54,2 м2","[37.573267,55.725564]",1 пасс. + 1 груз.,"Фрунзенская,","100,8 м2",,подземная,17.11-23.52 м2,"17,9 м2",1,отсутствует,,,1,,,"вторичка, 
            монолитный",свободная,60 480 000 руб.,4 / 14
115,–,двор,"2,64 м",1998,"10
                мин.
                
                    пешком",10 м2,"[37.517761,55.529456]",–,"Бунинская аллея,",15 м2,,,10 м2,3 м2,,косметический,,,1,,,вторичка,свободная,2 090 000 руб.,1 / 10
116,нет,двор,,,"15
                мин.
                
                    на машине","12,3 м2","[37.481457,55.576680]",2 пасс. + 1 груз.,"Теплый Стан,","24,2 м2",,,12.3 м2,"3,5 м2",,,,1 кв. 2018 года,1,,,"новостройка, 
            кирпично-монолитный",свободная,2 872 540 руб.,6 / 21
117,1 лодж.,двор и улица,,,"30
                мин.
                
                    на машине","30,4 м2","[37.325358,55.433065]",1 пасс.,"Теплый Стан,","56,9 м2",,,30.40 м2,"11,0 м2",1,,,—,,,,"новостройка, 
            монолитный",свободная,2 890 000 руб.,1 / 4
118,нет,двор,,,"5
                мин.
                
                    на машине","11,2 м2","[37.484935,55.541158]",1 пасс. + 1 груз.,"Бунинская аллея,","23,3 м2",,,11.2 м2,5 м2,,,,4 кв. 2018 года,1,,,"новостройка, 
            монолитный",свободная,2 893 860 руб.,2 / 18
119,1 балк.,улица,,,NA,18 м2,"[36.871854,55.433205]",–,NA,30 м2,,наземная,18 м2,6 м2,,косметический,,,1,,,вторичка,свободная,2 900 000 руб.,4 / 5
120,1 лодж.,двор,,,"34
                мин.
                
                    на машине",12 м2,"[37.150537,55.967823]",1 пасс. + 1 груз.,"Митино,",28 м2,,,12 м2,9 м2,,,,2 кв. 2017 года,1,,,"новостройка, 
            монолитный",переуступка,2 900 000 руб.,3 / 18
121,1 балк.,двор,,,"30
                мин.
                
                    на машине","13,9 м2","[37.150548,55.966409]",1 пасс. + 1 груз.,"Пятницкое шоссе,","31,6 м2",,,13.87 м2,"11,2 м2",,,,3 кв. 2018 года,1,,,"новостройка, 
            монолитный",свободная,2 912 065 руб.,9 / 18
122,нет,двор,,,"5
                мин.
                
                    на машине","11,2 м2","[37.484935,55.541158]",1 пасс. + 1 груз.,"Бунинская аллея,","22,8 м2",,,11.2 м2,5 м2,,,,4 кв. 2018 года,1,,,"новостройка, 
            монолитный",свободная,2 932 080 руб.,8 / 18
123,нет,двор,,,"15
                мин.
                
                    на машине",–,"[37.481457,55.576680]",2 пасс. + 1 груз.,"Теплый Стан,",22 м2,,,–,–,,,,4 кв. 2017 года,1,,,"новостройка, 
            кирпично-монолитный",свободная,2 956 800 руб.,23 / 24
124,–,двор,,,"13
                мин.
                
                    пешком",15 м2,"[37.425468,55.633963]",–,"Румянцево,",34 м2,,,15 м2,10 м2,,косметический,,,1,,,вторичка,свободная,2 990 000 руб.,2 / 3
125,1 балк.,двор,,1983,NA,"16,2 м2","[36.865647,55.428562]",1 пасс.,NA,"29,7 м2",,,"16,2 м2","6,4 м2",,косметический,,,1,,,вторичка,альтернатива,3 000 000 руб.,5 / 9
126,1 лодж.,двор,,2015,"30
                мин.
                
                    на машине",16 м2,"[37.411777,55.420352]",1 груз.,"Теплый Стан,",42 м2,,,16 м2,10 м2,1,косметический,,,,,,"вторичка, 
            кирпично-монолитный",свободная,3 000 000 руб.,4 / 9
127,–,улица,,,"35
                мин.
                
                    на машине",18 м2,"[36.944051,55.465381]",–,"Саларьево,","30,2 м2",,наземная,18 м2,6 м2,,косметический,,,1,,,вторичка,свободная,3 000 000 руб.,1 / 5
128,1 лодж.,двор,3 м,2008,NA,32 м2,"[37.330866,55.444032]",–,NA,43 м2,,наземная,18+14 м2,8 м2,1,косметический,,,,,да,"вторичка, 
            кирпичный",свободная,3 000 000 руб.,1 / 4
129,1 лодж.,двор,,,"20
                мин.
                
                    на машине","17,9 м2","[37.548865,55.925023]",1 пасс. + 1 груз.,"Алтуфьево,","27,3 м2",,,17.9 м2,–,,,,1 кв. 2019 года,1,,,"новостройка, 
            монолитный",свободная,3 005 730 руб.,8 / 16
130,нет,двор,,,"5
                мин.
                
                    на машине",10 м2,"[37.484935,55.541158]",1 пасс. + 1 груз.,"Бунинская аллея,","23,4 м2",,,10 м2,"6,4 м2",,,,2 кв. 2018 года,1,,,"новостройка, 
            монолитный",свободная,3 013 920 руб.,2 / 18
131,1 балк.,двор,,,"1
                мин.
                
                    пешком","8,7 м2","[37.414769,55.618842]",1 пасс. + 2 груз.,"Саларьево,","21,6 м2",,,8.7 м2,"5,5 м2",,,,2 кв. 2019 года,1,,,"новостройка, 
            монолитный",свободная,3 021 840 руб.,9 / 25
132,1 балк.,двор,,,"1
                мин.
                
                    пешком","7,7 м2","[37.414769,55.618842]",1 пасс. + 2 груз.,"Саларьево,","19,3 м2",,,7.7 м2,"5,1 м2",,,,4 кв. 2018 года,1,,,"новостройка, 
            монолитный",свободная,3 041 680 руб.,11 / 25
133,нет,двор,,,"15
                мин.
                
                    на машине","11,7 м2","[37.481457,55.576680]",2 пасс. + 1 груз.,"Теплый Стан,","25,2 м2",,,11.7 м2,"4,5 м2",,,,1 кв. 2018 года,1,,,"новостройка, 
            кирпично-монолитный",свободная,3 041 640 руб.,2 / 21
134,нет,двор,,,"5
                мин.
                
                    на машине","14,1 м2","[37.484935,55.541158]",1 пасс. + 1 груз.,"Бунинская аллея,","23,5 м2",,,14.1 м2,"5,1 м2",,,,2 кв. 2018 года,1,,,"новостройка, 
            монолитный",свободная,3 043 250 руб.,2 / 18
135,нет,двор,,,"15
                мин.
                
                    на машине","12,9 м2","[37.481457,55.576680]",2 пасс. + 1 груз.,"Теплый Стан,","24,8 м2",,,12.9 м2,"3,5 м2",,,,1 кв. 2018 года,1,,,"новостройка, 
            кирпично-монолитный",свободная,3 045 440 руб.,3 / 21
136,нет,двор,,,"5
                мин.
                
                    на машине",10 м2,"[37.484935,55.541158]",1 пасс. + 1 груз.,"Бунинская аллея,","22,9 м2",,,10 м2,"6,4 м2",,,,2 кв. 2018 года,1,,,"новостройка, 
            монолитный",свободная,3 047 990 руб.,10 / 18
137,1 балк.,двор и улица,,,"55
                мин.
                
                    на машине","31,4 м2","[36.917628,55.497660]",–,"Саларьево,","54,7 м2",,наземная,"14,07+17,37 м2","7,6 м2",1,,,2 кв. 2017 года,,,,"новостройка, 
            монолитный",переуступка,3 050 000 руб.,2 / 3
138,1 балк.,двор,,1964,"40
                мин.
                
                    на машине","16,5 м2","[37.191995,55.412804]",–,"Теплый Стан,","27,8 м2",,наземная,"16,5 м2","5,8 м2",,евроремонт,,,1,,нет,вторичка,альтернатива,3 050 000 руб.,4 / 5
139,1 лодж.,двор,,,"20
                мин.
                
                    на машине","10,5 м2","[37.548865,55.925023]",1 пасс. + 1 груз.,"Алтуфьево,","25,1 м2",,,10.5 м2,"6,2 м2",,,,1 кв. 2019 года,1,,,"новостройка, 
            монолитный",свободная,3 052 160 руб.,9 / 16
140,1 лодж.,двор,,,"20
                мин.
                
                    на машине","10,1 м2","[37.548865,55.925023]",1 пасс. + 1 груз.,"Алтуфьево,","26,2 м2",,,10.1 м2,7 м2,,,,1 кв. 2019 года,1,,,"новостройка, 
            монолитный",свободная,3 052 300 руб.,4 / 16
141,нет,двор,,,"5
                мин.
                
                    пешком",73 м2,"[37.573079,55.728652]",1 пасс. + 1 груз.,"Фрунзенская,",149 м2,,,25-28-20 м2,26 м2,,отсутствует,нет,,,,нет,"вторичка, 
            кирпично-монолитный",свободная,70 923 000 руб.,11 / 14
142,–,–,,,"8
                мин.
                
                    пешком",49 м2,"[37.644854,55.730553]",–,"Павелецкая,",79 м2,,подземная,19-15-15 м2,20 м2,,отсутствует,нет,,,,,вторичка,свободная,34 530 010 руб.,4 / 7
143,нет,двор и улица,,,"15
                мин.
                
                    на машине","60,4 м2","[37.598232,55.782906]",1 пасс. + 1 груз.,"Менделеевская,","110,5 м2",,,20-11.9-12.4-16.1 м2,"16,1 м2",,,,—,3,,,"новостройка, 
            монолитный",свободная,44 480 000 руб.,4 / 10
144,1 лодж.,двор,,,"20
                мин.
                
                    на машине","10,1 м2","[37.548865,55.925023]",1 пасс. + 1 груз.,"Алтуфьево,","26,1 м2",,,10.1 м2,7 м2,,,,1 кв. 2019 года,1,,,"новостройка, 
            монолитный",свободная,3 053 700 руб.,6 / 16
145,1 балк.,двор и улица,,,"15
                мин.
                
                    пешком","20,1 м2","[37.510957,55.523648]",1 пасс. + 1 груз.,"Бунинская аллея,","25,8 м2",,,–,"20,1 м2",,,,—,1,,,"новостройка, 
            монолитный",свободная,3 059 864 руб.,10 / 16
146,1 лодж.,двор,,,"20
                мин.
                
                    на машине","17,9 м2","[37.548865,55.925023]",1 пасс. + 1 груз.,"Алтуфьево,","27,8 м2",,,17.9 м2,–,,,,1 кв. 2019 года,1,,,"новостройка, 
            монолитный",свободная,3 060 780 руб.,7 / 16
147,–,–,"2,80 м",,"20
                мин.
                
                    на машине","17,8 м2","[37.355143,55.518242]",1 пасс. + 1 груз.,"Теплый Стан,","32,8 м2",,подземная,17.83 м2,"6,0 м2",1,,,2018 год,,,,"новостройка, 
            монолитный",переуступка,3 081 320 руб.,4 / 13
148,нет,двор,,,"15
                мин.
                
                    на машине","12,1 м2","[37.481457,55.576680]",2 пасс. + 1 груз.,"Теплый Стан,","24,9 м2",,,12.1 м2,"4,4 м2",,,,4 кв. 2017 года,1,,,"новостройка, 
            кирпично-монолитный",свободная,3 082 620 руб.,13 / 24
149,нет,двор,,,"15
                мин.
                
                    на машине",–,"[37.481457,55.576680]",2 пасс. + 1 груз.,"Теплый Стан,","26,2 м2",,,–,–,,,,1 кв. 2018 года,1,,,"новостройка, 
            кирпично-монолитный",свободная,3 083 740 руб.,5 / 11
150,–,двор,,,"9
                мин.
                
                    пешком",18 м2,"[37.733347,55.727572]",–,"Нижегородская,",22 м2,,наземная,18 м2,–,,отсутствует,,,1,,,вторичка,свободная,3 090 000 руб.,2 / 3
151,нет,двор,,,"5
                мин.
                
                    на машине","14,1 м2","[37.484935,55.541158]",1 пасс. + 1 груз.,"Бунинская аллея,",23 м2,,,14.1 м2,"5,1 м2",,,,2 кв. 2018 года,1,,,"новостройка, 
            монолитный",свободная,3 091 200 руб.,9 / 18
152,–,–,"2,80 м",,"20
                мин.
                
                    на машине","17,8 м2","[37.355143,55.518242]",1 пасс. + 1 груз.,"Теплый Стан,","32,7 м2",,подземная,17.71 м2,"6,0 м2",1,,,2018 год,,,,"новостройка, 
            монолитный",переуступка,3 092 985 руб.,2 / 13
153,1 балк.,улица,,,NA,17 м2,"[37.409442,55.419028]",1 пасс.,NA,33 м2,,,17 м2,8 м2,1,косметический,,,,,,вторичка,альтернатива,3 100 000 руб.,4 / 4
154,–,улица,,,"35
                мин.
                
                    на машине",18 м2,"[36.939479,55.465453]",–,"Саларьево,","30,2 м2",,наземная,18 м2,6 м2,,косметический,,,1,,,вторичка,свободная,3 100 000 руб.,3 / 5
155,1 балк.,улица,,,"37
                мин.
                
                    на машине","31,3 м2","[36.917628,55.497660]",1 пасс. + 1 груз.,"Саларьево,","63,7 м2",,,15.3-16 м2,"10,7 м2",1,,,4 кв. 2016 года,,,,"новостройка, 
            монолитный",свободная,3 100 000 руб.,2 / 3
156,–,двор,"2,50 м",,NA,"17,4 м2","[37.299721,55.472025]",–,"Теплый Стан,","29,3 м2",,,17.4 м2,6 м2,,косметический,,,1,,,"вторичка, 
            кирпичный",свободная,3 100 000 руб.,1 / 5
157,–,улица,,2015,NA,23 м2,"[37.411777,55.420352]",1 пасс. + 1 груз.,NA,51 м2,,наземная,23 м2,12 м2,,отсутствует,нет,,,,да,вторичка,свободная,3 100 000 руб.,4 / 9
158,1 лодж.,–,,,"30
                мин.
                
                    на машине",–,"[37.325358,55.433065]",1 пасс.,"Теплый Стан,",62 м2,,,–,–,1,,,4 кв. 2017 года,,,,"новостройка, 
            монолитный",214-ФЗ,3 105 000 руб.,2 / 4
159,1 лодж.,двор,,,"20
                мин.
                
                    на машине","20,7 м2","[37.548865,55.925023]",1 пасс. + 1 груз.,"Алтуфьево,","28,8 м2",,,20.7 м2,–,,,,1 кв. 2019 года,1,,,"новостройка, 
            монолитный",свободная,3 113 280 руб.,13 / 16
160,нет,двор,,,"10
                мин.
                
                    пешком","9,6 м2","[37.346206,55.841851]",1 пасс. + 1 груз.,"Митино,","20,9 м2",,,9.6 м2,5 м2,,,,2 кв. 2019 года,1,,,"новостройка, 
            монолитный",свободная,3 130 820 руб.,14 / 33
161,1 лодж.,двор,,2015,NA,20 м2,"[37.411777,55.420352]",1 пасс. + 1 груз.,NA,46 м2,,наземная,20 м2,12 м2,1,отсутствует,,,,,нет,вторичка,свободная,3 150 000 руб.,5 / 9
162,–,двор,,,"20
                мин.
                
                    на машине",20 м2,"[37.395328,55.519412]",1 пасс. + 1 груз.,"Теплый Стан,","40,3 м2",,,20 м2,11 м2,,,,3 кв. 2017 года,1,,,"новостройка, 
            кирпичный",переуступка,3 150 000 руб.,1 / 8
163,–,двор,,,"20
                мин.
                
                    на машине",–,"[37.395328,55.519412]",нет,"Теплый Стан,",39 м2,,,16 м2,9 м2,,,,—,1,,,"новостройка, 
            кирпичный",свободная,3 150 000 руб.,1 / 3
164,нет,двор,,,"15
                мин.
                
                    на машине","14,2 м2","[37.481457,55.576680]",2 пасс. + 1 груз.,"Теплый Стан,","25,8 м2",,,14.2 м2,"4,6 м2",,,,1 кв. 2018 года,1,,,"новостройка, 
            кирпично-монолитный",свободная,3 168 240 руб.,9 / 21
165,–,улица,,1973,"10
                мин.
                
                    пешком","17,8 м2","[37.533921,55.648997]",2 пасс.,"Беляево,","17,8 м2",,,"17,80 м2",–,1,евроремонт,,,,,нет,вторичка,свободная,3 170 454 руб.,4 / 15
166,–,–,,,"10
                мин.
                
                    пешком",12 м2,"[37.533798,55.649182]",2 пасс.,"Беляево,","17,8 м2",есть,,12 м2,–,1,,,дом сдан,,,,новостройка,предварительный договор,3 170 454 руб.,4 / 15
167,1 балк.,двор,,,"1
                мин.
                
                    пешком","7,3 м2","[37.414769,55.618842]",1 пасс. + 2 груз.,"Саларьево,","23,2 м2",,,7.3 м2,"5,5 м2",,,,2 кв. 2019 года,1,,,"новостройка, 
            монолитный",свободная,3 171 440 руб.,1 / 25
168,1 балк.,–,"2,80 м",,"20
                мин.
                
                    на машине","18,2 м2","[37.355069,55.516569]",1 пасс. + 1 груз.,"Теплый Стан,","33,2 м2",,подземная,18.16 м2,"5,3 м2",1,,,2018 год,,,,"новостройка, 
            монолитный",переуступка,3 184 320 руб.,10 / 13
169,4 лодж.,улица,3 м,2014,"10
                мин.
                
                    пешком",–,"[37.405094,55.746122]",1 пасс. + 2 груз.,"Молодежная,",380 м2,,подземная,–,–,,отсутствует,,,4,пентхаус,,"вторичка, 
            кирпично-монолитный",свободная,117 000 000 руб.,21 / 21
170,1 балк. + 1 лодж.,–,"3,30 м",,"5
                мин.
                
                    пешком",120 м2,"[37.625990,55.736909]",2 пасс.,"Третьяковская,","145,6 м2",,,–,20 м2,,,,2 кв. 2019 года,3,,,"новостройка, 
            монолитный",переуступка,84 030 000 руб.,4 / 6
171,1 балк. + 1 лодж.,двор и улица,"3,30 м",2000,NA,88 м2,"[37.456585,55.736265]",1 пасс. + 1 груз.,"Кунцевская,","144,8 м2",,наземная,57 + 16 + 11 + 11 м2,13 м2,3,дизайнерский,,,,,да,вторичка,свободная,75 000 000 руб.,5 / 9
172,–,–,,1973,"11
                мин.
                
                    пешком",12 м2,"[37.533921,55.648997]",2 пасс.,"Беляево,","17,8 м2",,,12 м2,–,1,евроремонт,,,,,,вторичка,свободная,3 189 226 руб.,2 / 15
173,–,двор,"2,64 м",1972,"16
                мин.
                
                    пешком",15 м2,"[37.617986,55.606690]",1 пасс.,"Пражская,",23 м2,,наземная,15 м2,5 м2,,косметический,,,1,,,вторичка,свободная,3 190 000 руб.,1 / 9
174,–,двор,"2,64 м",1972,"10
                мин.
                
                    пешком",17 м2,"[37.617986,55.606690]",–,"Пражская,",23 м2,,,6 м2,4 м2,,косметический,,,1,,,вторичка,свободная,3 190 000 руб.,1 / 9
175,–,двор,"2,64 м",1972,"16
                мин.
                
                    пешком",15 м2,"[37.617986,55.606690]",–,"Пражская,",23 м2,,,15 м2,5 м2,,косметический,,,1,,,вторичка,свободная,3 190 000 руб.,1 / 9
176,1 лодж.,двор,,,"20
                мин.
                
                    на машине","10,9 м2","[37.548865,55.925023]",1 пасс. + 1 груз.,"Алтуфьево,","27,7 м2",,,10.9 м2,7 м2,,,,1 кв. 2019 года,1,,,"новостройка, 
            монолитный",свободная,3 191 040 руб.,7 / 16
177,нет,двор,,,"15
                мин.
                
                    на машине",–,"[37.481457,55.576680]",2 пасс. + 1 груз.,"Теплый Стан,","25,9 м2",,,–,–,,,,4 кв. 2017 года,1,,,"новостройка, 
            кирпично-монолитный",свободная,3 193 470 руб.,10 / 17
178,1 балк.,улица,,1985,NA,18 м2,"[36.869860,55.433588]",–,NA,30 м2,,наземная,18 м2,6 м2,,косметический,,,1,,,вторичка,свободная,3 200 000 руб.,9 / 9
179,1 балк.,улица,,,"10
                мин.
                
                    пешком",–,"[37.452291,55.590994]",1 пасс. + 1 груз.,"Саларьево,",35 м2,,,–,–,1,,,3 кв. 2019 года,,,,"новостройка, 
            кирпично-монолитный",свободная,"3 203 500 руб.

                

                    3 372 120 руб.",2 / 9
180,1 балк.,улица,,,"20
                мин.
                
                    пешком",–,"[37.508592,55.550464]",1 пасс. + 1 груз.,"Улица Горчакова,",31 м2,,,–,–,1,,,1 кв. 2019 года,,,,"новостройка, 
            кирпично-монолитный",свободная,3 208 532 руб.,12 / 15
181,1 балк.,двор,,,"30
                мин.
                
                    на машине","13,2 м2","[37.150548,55.966409]",1 пасс. + 1 груз.,"Пятницкое шоссе,","33,9 м2",,,13.2 м2,"10,7 м2",,,,4 кв. 2017 года,1,,,"новостройка, 
            монолитный",свободная,3 212 772 руб.,14 / 18
182,–,двор,,1959,"3
                мин.
                
                    пешком",11 м2,"[37.642689,55.820834]",–,"ВДНХ,","16,5 м2",,,11 м2,3 м2,,косметический,,,1,,,вторичка,альтернатива,3 215 500 руб.,2 / 8
183,1 балк.,двор,,,"1
                мин.
                
                    пешком","7,7 м2","[37.414769,55.618842]",1 пасс. + 2 груз.,"Саларьево,",23 м2,,,7.7 м2,"5,1 м2",,,,2 кв. 2019 года,1,,,"новостройка, 
            монолитный",свободная,3 220 000 руб.,13 / 25
184,1 лодж.,двор,,,"20
                мин.
                
                    на машине","13,6 м2","[37.548865,55.925023]",1 пасс. + 1 груз.,"Алтуфьево,",28 м2,,,13.6 м2,"6,8 м2",,,,1 кв. 2019 года,1,,,"новостройка, 
            монолитный",свободная,3 220 000 руб.,12 / 16
185,нет,двор,,,"5
                мин.
                
                    на машине","14,1 м2","[37.484935,55.541158]",1 пасс. + 1 груз.,"Бунинская аллея,","28,5 м2",,,14.1 м2,"6,3 м2",,,,4 кв. 2018 года,1,,,"новостройка, 
            монолитный",свободная,3 223 350 руб.,8 / 18
186,1 балк.,улица,,,"20
                мин.
                
                    пешком",–,"[37.508592,55.550464]",1 пасс. + 1 груз.,"Улица Горчакова,",30 м2,,,–,–,1,,,1 кв. 2019 года,,,,"новостройка, 
            кирпично-монолитный",свободная,3 225 136 руб.,14 / 15
187,1 балк.,улица,,,"7
                мин.
                
                    на машине",9 м2,"[37.495813,55.566021]",1 пасс. + 1 груз.,"Бунинская аллея,",30 м2,,,–,–,1,,,2 кв. 2019 года,,,,"новостройка, 
            монолитный",свободная,3 229 816 руб.,10 / 16
188,1 балк.,двор,,,"30
                мин.
                
                    на машине","13,2 м2","[37.150548,55.966409]",1 пасс. + 1 груз.,"Пятницкое шоссе,","33,8 м2",,,13.2 м2,"10,6 м2",,,,4 кв. 2017 года,1,,,"новостройка, 
            монолитный",свободная,3 231 789 руб.,13 / 18
189,1 балк.,улица,,,"7
                мин.
                
                    на машине",9 м2,"[37.495502,55.565523]",1 пасс. + 1 груз.,"Бунинская аллея,",30 м2,,,–,–,1,,,2 кв. 2019 года,,,,"новостройка, 
            монолитный",свободная,3 237 174 руб.,13 / 16
190,1 лодж.,двор,,,"19
                мин.
                
                    на машине","21,7 м2","[37.450761,55.533224]",1 пасс. + 1 груз.,"Теплый Стан,","40,5 м2",,подземная,21.7 м2,5 м2,,,,дом сдан,1,,,новостройка,переуступка,3 242 400 руб.,12 / 17
191,1 балк.,двор и улица,,,"15
                мин.
                
                    пешком","22,2 м2","[37.510957,55.523648]",1 пасс. + 1 груз.,"Бунинская аллея,","27,9 м2",,,–,"22,2 м2",,,,—,1,,,"новостройка, 
            монолитный",свободная,3 243 949 руб.,13 / 17
192,1 балк.,улица,,,"30
                мин.
                
                    на машине","23,0 м2","[37.150548,55.966409]",1 пасс. + 1 груз.,"Пятницкое шоссе,","32,7 м2",,,13.35-9.64 м2,"3,3 м2",1,,,3 кв. 2018 года,,,,"новостройка, 
            монолитный",свободная,3 244 832 руб.,12 / 18
193,1 балк.,улица,,,"10
                мин.
                
                    пешком",–,"[37.452291,55.590994]",1 пасс. + 1 груз.,"Саларьево,",34 м2,,,–,–,1,,,3 кв. 2019 года,,,,"новостройка, 
            кирпично-монолитный",свободная,"3 246 200 руб.

                

                    3 417 000 руб.",5 / 9
194,1 балк.,улица,,,"7
                мин.
                
                    на машине",12 м2,"[37.495813,55.566021]",1 пасс. + 1 груз.,"Бунинская аллея,",33 м2,,,–,–,1,,,2 кв. 2019 года,,,,"новостройка, 
            монолитный",свободная,3 249 796 руб.,2 / 16
195,нет,двор,,,"15
                мин.
                
                    на машине","12,4 м2","[37.481457,55.576680]",2 пасс. + 1 груз.,"Теплый Стан,","25,3 м2",,,12.4 м2,"4,5 м2",,,,4 кв. 2017 года,1,,,"новостройка, 
            кирпично-монолитный",свободная,3 253 580 руб.,15 / 24
196,1 балк.,улица,,,"10
                мин.
                
                    пешком",–,"[37.452291,55.590994]",1 пасс. + 1 груз.,"Саларьево,",32 м2,,,–,–,1,,,3 кв. 2019 года,,,,"новостройка, 
            кирпично-монолитный",свободная,"3 254 000 руб.

                

                    3 425 242 руб.",4 / 15
197,–,–,,1958,"15
                мин.
                
                    пешком",56 м2,"[37.524606,55.686340]",1 груз.,"Университет,",80 м2,,наземная,20-19-15 м2,10 м2,1,евроремонт,,,,,да,вторичка,альтернатива,20 900 000 руб.,5 / 8
198,1 лодж.,улица,,,"15
                мин.
                
                    пешком",–,"[37.631933,55.675787]",1 груз.,"Нагатинская,","65,8 м2",,подземная,–,"12,3 м2",,,,дом сдан,1,,,новостройка,переуступка,13 321 757 руб.,13 / 19
199,2 лодж.,двор и улица,,,"6
                мин.
                
                    на машине",49 м2,"[37.469674,55.679093]",1 пасс.,"Проспект Вернадского,",88 м2,,,15.7-14.5-20.5 м2,10 м2,,косметический,,,2,,,"вторичка, 
            монолитный",свободная,33 000 000 руб.,13 / 20
200,нет,двор,,,"15
                мин.
                
                    на машине","14,4 м2","[37.481457,55.576680]",2 пасс. + 1 груз.,"Теплый Стан,","26,1 м2",,,14.4 м2,"3,4 м2",,,,4 кв. 2017 года,1,,,"новостройка, 
            кирпично-монолитный",свободная,3 257 280 руб.,10 / 17
201,1 лодж.,двор,,,"10
                мин.
                
                    на машине","14,1 м2","[37.542976,55.500550]",1 пасс. + 1 груз.,"Бунинская аллея,","28,3 м2",,,14.1 м2,–,,,,,1,,нет,"вторичка, 
            кирпично-монолитный",свободная,3 264 291 руб.,3 / 6
202,1 лодж.,двор,,,"10
                мин.
                
                    на машине","14,1 м2","[37.542976,55.500550]",1 пасс. + 1 груз.,"Бунинская аллея,","28,3 м2",,,14.1 м2,–,,,,,1,,нет,"вторичка, 
            кирпично-монолитный",свободная,3 264 291 руб.,4 / 6
203,1 балк.,улица,,,"10
                мин.
                
                    пешком",–,"[37.452291,55.590994]",1 пасс. + 1 груз.,"Саларьево,",33 м2,,,–,–,1,,,3 кв. 2019 года,,,,"новостройка, 
            кирпично-монолитный",свободная,"3 271 400 руб.

                

                    3 443 540 руб.",7 / 9
204,1 балк.,двор,,,"10
                мин.
                
                    пешком",–,"[37.460725,55.593565]",1 пасс. + 1 груз.,"Саларьево,",31 м2,,,–,–,1,,,3 кв. 2018 года,,,,"новостройка, 
            кирпично-монолитный",свободная,"3 276 200 руб.

                

                    3 448 645 руб.",2 / 9
205,нет,двор,,,"15
                мин.
                
                    на машине","14,6 м2","[37.481457,55.576680]",2 пасс. + 1 груз.,"Теплый Стан,","26,5 м2",,,14.6 м2,"3,3 м2",,,,4 кв. 2017 года,1,,,"новостройка, 
            кирпично-монолитный",свободная,3 280 700 руб.,14 / 24
206,–,двор,,1983,"15
                мин.
                
                    на машине",14 м2,"[37.655841,55.578294]",1 пасс. + 1 груз.,"Пражская,",20 м2,,наземная,–,4 м2,,,,,1,,,"вторичка, 
            панельный дом",свободная,3 290 000 руб.,8 / 10
207,1 балк.,двор,,,"30
                мин.
                
                    на машине","13,2 м2","[37.150548,55.966409]",1 пасс. + 1 груз.,"Пятницкое шоссе,","34,2 м2",,,13.2 м2,"11,6 м2",,,,4 кв. 2017 года,1,,,"новостройка, 
            монолитный",свободная,3 290 571 руб.,13 / 18
208,нет,двор,,,"15
                мин.
                
                    на машине",–,"[37.481457,55.576680]",2 пасс. + 1 груз.,"Теплый Стан,","25,5 м2",,,–,–,,,,4 кв. 2017 года,1,,,"новостройка, 
            кирпично-монолитный",свободная,3 294 600 руб.,16 / 17
209,нет,двор,45 м,,"10
                мин.
                
                    пешком",–,"[37.639779,55.888952]",1 пасс. + 1 груз.,"Медведково,",27 м2,,наземная,–,–,,отсутствует,,,1,,нет,"вторичка, 
            кирпичный",свободная,3 300 000 руб.,5 / 6
210,–,двор,,1965,"15
                мин.
                
                    на машине",19 м2,"[37.160105,55.599626]",–,"Саларьево,","30,3 м2",,наземная,19 м2,7 м2,1,косметический,,,,,,вторичка,свободная,3 300 000 руб.,1 / 5
211,–,двор,,1962,"20
                мин.
                
                    пешком",9 м2,"[37.726754,55.766344]",–,"Семеновская,","13,1 м2",,наземная,9 м2,3 м2,,косметический,,,1,,,"вторичка, 
            кирпичный",свободная,3 300 000 руб.,5 / 5
212,1 лодж.,двор,,1984,"40
                мин.
                
                    пешком",17 м2,"[37.168109,55.601477]",–,"Юго-Западная,",33 м2,,,17 м2,6 м2,,косметический,,,1,,,вторичка,свободная,3 300 000 руб.,5 / 5
213,1 балк.,двор,"2,55 м",1977,"20
                мин.
                
                    на машине",33 м2,"[37.109638,55.595231]",–,"Румянцево,","47,7 м2",,,15.6-17.4 м2,"5,3 м2",1,отсутствует,,,,,нет,вторичка,свободная,3 300 000 руб.,4 / 5
214,1 лодж.,двор,,,NA,17 м2,"[37.562398,55.503823]",1 пасс. + 1 груз.,"Бунинская аллея,",39 м2,,,17 м2,9 м2,,отсутствует,нет,,,,,вторичка,свободная,3 300 000 руб.,8 / 16
215,–,улица,,,"30
                мин.
                
                    на машине",13 м2,"[37.150537,55.967823]",2 пасс. + 2 груз.,"Пятницкое шоссе,",32 м2,,наземная,13 м2,10 м2,,,,4 кв. 2017 года,1,,,"новостройка, 
            монолитный",переуступка,3 300 000 руб.,9 / 16
216,–,–,,,"15
                мин.
                
                    на машине",18 м2,"[37.394170,55.519534]",–,"Теплый Стан,",43 м2,,наземная,18 м2,11 м2,,косметический,нет,,,,,вторичка,свободная,3 300 000 руб.,3 / 3
217,1 балк.,двор,25 м,,"20
                мин.
                
                    пешком",16 м2,"[37.328827,55.500458]",–,"Теплый Стан,",27 м2,,наземная,16 м2,5 м2,1,косметический,,,,,нет,вторичка,свободная,3 300 000 руб.,2 / 5
218,1 балк.,–,"2,80 м",,"20
                мин.
                
                    на машине","19,8 м2","[37.355069,55.516569]",1 пасс. + 1 груз.,"Теплый Стан,","35,1 м2",,подземная,19.77 м2,"5,2 м2",1,,,2018 год,,,,"новостройка, 
            монолитный",переуступка,3 300 340 руб.,9 / 13
219,1 балк.,–,"2,80 м",,"20
                мин.
                
                    на машине","19,8 м2","[37.355143,55.518242]",1 пасс. + 1 груз.,"Теплый Стан,","35,1 м2",,подземная,19.77 м2,"5,2 м2",1,,,2018 год,,,,"новостройка, 
            монолитный",переуступка,3 300 340 руб.,9 / 13
220,1 балк.,улица,,,"10
                мин.
                
                    пешком",–,"[37.452291,55.590994]",1 пасс. + 1 груз.,"Саларьево,",31 м2,,,–,–,1,,,3 кв. 2019 года,,,,"новостройка, 
            кирпично-монолитный",свободная,"3 310 200 руб.

                

                    3 484 450 руб.",6 / 9
221,1 балк.,–,"2,80 м",,"20
                мин.
                
                    на машине","20,0 м2","[37.355069,55.516569]",1 пасс. + 1 груз.,"Теплый Стан,","35,3 м2",,подземная,19.97 м2,"5,1 м2",1,,,2018 год,,,,"новостройка, 
            монолитный",переуступка,3 316 320 руб.,2 / 13
222,нет,двор и улица,,,"15
                мин.
                
                    пешком","23,3 м2","[37.510957,55.523648]",1 пасс. + 1 груз.,"Бунинская аллея,","28,6 м2",,,–,"23,3 м2",,,,—,1,,,"новостройка, 
            монолитный",свободная,3 319 949 руб.,13 / 17
223,нет,двор,3 м,,NA,12 м2,"[37.642689,55.820834]",1 пасс.,"ВДНХ,",17 м2,,,–,3 м2,,косметический,,,1,,,"вторичка, 
            кирпичный",альтернатива,3 328 000 руб.,2 / 8
224,нет,двор,,,"10
                мин.
                
                    пешком","18,8 м2","[37.582403,55.840153]",1 пасс. + 1 груз.,"Петровско-Разумовская,","22,5 м2",,,18.75 м2,–,,,,4 кв. 2018 года,1,,,"новостройка, 
            монолитный",свободная,3 328 520 руб.,9 / 14
225,–,–,,,"5
                мин.
                
                    на машине",35 м2,"[37.499390,55.712127]",–,"Университет,",74 м2,,,–,15 м2,,,–,,,,,"вторичка, 
            монолитный",свободная,28 500 000 руб.,13 / 18
226,нет,двор и улица,,,"5
                мин.
                
                    пешком","68,6 м2","[37.604404,55.584426]",2 пасс. + 2 груз.,"Аннино,","115,2 м2",,,23.1-16.5-14.8-14.2 м2,"18,4 м2",,,,4 кв. 2018 года,3,,,"новостройка, 
            монолитный",свободная,13 098 240 руб.,2 / 25
227,1 лодж.,улица,"2,64 м",2003,"15
                мин.
                
                    пешком","17,7 м2","[37.523725,55.661765]",1 пасс. + 1 груз.,"Калужская,","47,9 м2",,,17.7 м2,"10,4 м2",,евроремонт,,,1,,да,вторичка,свободная,10 000 000 руб.,7 / 22
228,–,–,,,"9
                мин.
                
                    пешком",17 м2,"[37.473458,55.869398]",2 пасс. + 1 груз.,"Речной вокзал,","27,5 м2",,,17 м2,–,,,,4 кв. 2018 года,1,,,"новостройка, 
            монолитный",214-ФЗ,3 330 000 руб.,2 / 17
229,1 балк.,улица,,,"20
                мин.
                
                    пешком",–,"[37.508592,55.550464]",1 пасс. + 1 груз.,"Улица Горчакова,",35 м2,,,–,–,1,,,1 кв. 2019 года,,,,"новостройка, 
            кирпично-монолитный",свободная,3 331 980 руб.,4 / 15
230,1 балк.,двор,,,"20
                мин.
                
                    на машине",19 м2,"[37.321560,55.661338]",нет,"Румянцево,",31 м2,,,–,6 м2,,косметический,,,1,,нет,"вторичка, 
            кирпичный",свободная,3 335 000 руб.,4 / 4
231,нет,двор,,,"10
                мин.
                
                    пешком","9,6 м2","[37.346206,55.841851]",1 пасс. + 1 груз.,"Митино,","21,4 м2",,,9.6 м2,5 м2,,,,2 кв. 2019 года,1,,,"новостройка, 
            монолитный",свободная,3 349 100 руб.,19 / 33
232,1 балк.,двор,,,"15
                мин.
                
                    пешком",25 м2,"[37.796598,55.761801]",1 пасс. + 1 груз.,"Перово,",35 м2,,подземная,25 м2,–,,,нет,2 кв. 2017 года,,,,"новостройка, 
            монолитный",214-ФЗ,3 350 000 руб.,11 / 25
233,1 балк.,двор и улица,,,"40
                мин.
                
                    на машине","30,6 м2","[36.916518,55.497862]",–,"Саларьево,","51,5 м2",,наземная,"18,67-11,93 м2","11,7 м2",1,,,2 кв. 2017 года,,,,"новостройка, 
            монолитный",переуступка,3 350 000 руб.,2 / 3
234,нет,двор,,,"15
                мин.
                
                    на машине","14,2 м2","[37.481457,55.576680]",2 пасс. + 1 груз.,"Теплый Стан,","25,8 м2",,,14.2 м2,"4,6 м2",,,,1 кв. 2017 года,1,,,"новостройка, 
            кирпично-монолитный",свободная,3 354 000 руб.,12 / 21
235,нет,двор,,,"15
                мин.
                
                    на машине","14,6 м2","[37.481457,55.576680]",2 пасс. + 1 груз.,"Теплый Стан,","26,6 м2",,,14.6 м2,"3,3 м2",,,,4 кв. 2017 года,1,,,"новостройка, 
            кирпично-монолитный",свободная,3 359 580 руб.,9 / 17
236,1 балк.,двор,,,"1
                мин.
                
                    пешком","7,3 м2","[37.414769,55.618842]",1 пасс. + 2 груз.,"Саларьево,","24,2 м2",,,7.3 м2,"5,5 м2",,,,4 кв. 2018 года,1,,,"новостройка, 
            монолитный",свободная,3 383 160 руб.,1 / 25
237,1 балк.,улица,,,"10
                мин.
                
                    пешком",–,"[37.458653,55.592674]",1 пасс. + 1 груз.,"Саларьево,",37 м2,,,–,–,1,,,1 кв. 2019 года,,,,"новостройка, 
            кирпично-монолитный",свободная,"3 394 000 руб.

                

                    3 572 672 руб.",9 / 12
238,1 лодж.,–,"2,80 м",,"20
                мин.
                
                    на машине","15,9 м2","[37.345122,55.518826]",1 пасс. + 1 груз.,"Теплый Стан,","36,7 м2",,открытая,15.90 м2,"9,4 м2",1,,,2018 год,,,,"новостройка, 
            панельный дом",переуступка,3 394 750 руб.,15 / 17
239,1 балк.,улица,,,"20
                мин.
                
                    пешком",–,"[37.508592,55.550464]",1 пасс. + 1 груз.,"Улица Горчакова,",34 м2,,,–,–,1,,,1 кв. 2019 года,,,,"новостройка, 
            кирпично-монолитный",свободная,3 395 700 руб.,9 / 15
240,–,двор,,,"14
                мин.
                
                    пешком",30 м2,"[37.362172,55.860145]",–,"Пятницкое шоссе,",37 м2,,,30 м2,5 м2,,отсутствует,,,1,,,вторичка,свободная,3 400 000 руб.,4 / 4
241,1 балк.,улица,,,"15
                мин.
                
                    на машине","19,7 м2","[37.314193,55.549832]",2 пасс. + 1 груз.,"Саларьево,","37,2 м2",,,19.7 м2,"9,5 м2",,,,2 кв. 2017 года,1,,,"новостройка, 
            кирпичный",переуступка,3 400 000 руб.,6 / 12
242,нет,улица,,,"5
                мин.
                
                    на машине","29,1 м2","[37.484935,55.541158]",1 пасс. + 1 груз.,"Бунинская аллея,","46,5 м2",,,15.8-13.3 м2,8 м2,,,,1 кв. 2017 года,1,,,"новостройка, 
            панельный дом",свободная,3 405 760 руб.,1 / 9
243,1 балк.,улица,,,"10
                мин.
                
                    пешком",–,"[37.460141,55.593265]",1 пасс. + 1 груз.,"Саларьево,",31 м2,,,–,–,1,,,3 кв. 2019 года,,,,"новостройка, 
            кирпично-монолитный",свободная,"3 413 000 руб.

                

                    3 592 596 руб.",9 / 9
244,1 балк.,двор,,,"1
                мин.
                
                    пешком","10,3 м2","[37.414769,55.618842]",1 пасс. + 2 груз.,"Саларьево,","24,5 м2",,,10.3 м2,"6,9 м2",,,,2 кв. 2019 года,1,,,"новостройка, 
            монолитный",свободная,3 417 750 руб.,10 / 25
245,нет,двор,,,"5
                мин.
                
                    на машине","14,1 м2","[37.484935,55.541158]",1 пасс. + 1 груз.,"Бунинская аллея,","27,6 м2",,,14.1 м2,"5,1 м2",,,,3 кв. 2017 года,1,,,"новостройка, 
            монолитный",свободная,3 425 160 руб.,8 / 18
246,1 балк.,двор,,2014,"28
                мин.
                
                    на машине","16,0 м2","[37.212226,55.520895]",–,"Юго-Западная,","42,3 м2",,многоуровневая,"15,95 м2","9,7 м2",,косметический,,,1,,да,"вторичка, 
            кирпично-монолитный",свободная,3 425 976 руб.,1 / 4
247,1 балк.,улица,,,"20
                мин.
                
                    пешком",–,"[37.508807,55.549904]",1 пасс. + 1 груз.,"Улица Горчакова,",38 м2,,,–,–,1,,,1 кв. 2019 года,,,,"новостройка, 
            кирпично-монолитный",свободная,3 431 250 руб.,2 / 15
248,1 балк.,двор и улица,"2,70 м",,"35
                мин.
                
                    на машине",19 м2,"[36.943890,55.464881]",–,"Саларьево,",39 м2,,наземная,19 м2,9 м2,,косметический,,,1,,да,вторичка,свободная,3 450 000 руб.,1 / 5
249,1 лодж.,двор,,,"20
                мин.
                
                    на машине","15,6 м2","[37.937965,55.703309]",1 пасс. + 1 груз.,"Выхино,","32,3 м2",,,"15,6 м2","7,1 м2",,,,2 кв. 2019 года,1,,,"новостройка, 
            панельный дом",214-ФЗ,3 456 100 руб.,5 / 17
250,1 балк.,двор,,,"30
                мин.
                
                    пешком","30,6 м2","[36.919443,55.499306]",–,"Тропарево,","51,5 м2",,,"18,67-11,93 м2","11,7 м2",1,,,дом сдан,,,,новостройка,переуступка,3 465 000 руб.,2 / 3
251,1 лодж.,двор,,,"20
                мин.
                
                    пешком",–,"[37.473391,55.869424]",2 пасс. + 1 груз.,"Речной вокзал,","27,6 м2",,,–,–,,,,1 кв. 2019 года,1,,,"новостройка, 
            монолитный",свободная,3 466 836 руб.,4 / 17
252,нет,двор,,,"5
                мин.
                
                    на машине","14,1 м2","[37.484935,55.541158]",1 пасс. + 1 груз.,"Бунинская аллея,","27,4 м2",,,14.1 м2,"5,1 м2",,,,4 кв. 2017 года,1,,,"новостройка, 
            монолитный",свободная,3 468 840 руб.,17 / 18
253,1 лодж.,двор,,,"5
                мин.
                
                    пешком",140 м2,"[37.584146,55.735495]",1 пасс. + 1 груз.,"Парк Культуры,",300 м2,,,20-19-17-30-30 м2,26 м2,,отсутствует,нет,,,,нет,"вторичка, 
            кирпично-монолитный",свободная,"3 500 000 $

            
            

    
        ~ 196 613 550 руб",6 / 7
254,–,–,,,"5
                мин.
                
                    пешком",–,"[37.537083,55.749511]",–,"Выставочная,",347 м2,,,–,–,,отсутствует,–,,,,нет,"вторичка, 
            панельный дом",свободная,"3 817 000 $

            
            

    
        ~ 214 421 120 руб",54 / 63
255,1 лодж.,улица,3 м,2008,NA,48 м2,"[37.497872,55.698285]",2 пасс. + 1 груз.,"Раменки,",73 м2,,подземная,–,8 м2,,дизайнерский,,,2,,,"вторичка, 
            кирпично-монолитный",,25 000 000 руб.,4 / 22
256,–,двор,"2,45 м",1974,"7
                мин.
                
                    на машине","11,3 м2","[37.500324,55.869319]",2 пасс.,"Речной вокзал,","17,1 м2",,наземная,11.3 м2,2 м2,,евроремонт,,,1,,да,"вторичка, 
            панельный дом",свободная,3 476 500 руб.,5 / 9
257,1 балк.,улица,,,"10
                мин.
                
                    пешком",–,"[37.452291,55.590994]",1 пасс. + 1 груз.,"Саларьево,",37 м2,,,–,–,1,,,3 кв. 2019 года,,,,"новостройка, 
            кирпично-монолитный",свободная,"3 484 000 руб.

                

                    3 667 320 руб.",5 / 14
258,1 балк.,улица,,,"7
                мин.
                
                    на машине",16 м2,"[37.495502,55.565523]",1 пасс. + 1 груз.,"Бунинская аллея,",36 м2,,,–,–,1,,,2 кв. 2019 года,,,,"новостройка, 
            монолитный",свободная,3 486 319 руб.,2 / 16
259,1 лодж.,двор,,,"10
                мин.
                
                    на машине",–,"[37.542976,55.500550]",1 пасс. + 1 груз.,"Бунинская аллея,","38,2 м2",,,–,–,,,,,1,,нет,"вторичка, 
            кирпично-монолитный",свободная,3 486 840 руб.,2 / 13
260,1 балк.,двор,,,"10
                мин.
                
                    на машине","10,8 м2","[37.410774,55.661196]",1 пасс. + 1 груз.,"Юго-Западная,","22,6 м2",,,10.8 м2,"5,1 м2",,,,4 кв. 2018 года,1,,,"новостройка, 
            панельный дом",свободная,3 487 180 руб.,13 / 25
261,2 лодж.,улица,,,NA,22 м2,"[36.883460,55.394878]",1 пасс.,NA,"51,1 м2",,,–,22 м2,1,,,,,,нет,"вторичка, 
            кирпично-монолитный",свободная,3 490 000 руб.,12 / 16
262,1 балк.,двор,,,"10
                мин.
                
                    пешком",–,"[37.457806,55.593906]",1 пасс. + 1 груз.,"Саларьево,",38 м2,,,–,–,1,,,1 кв. 2019 года,,,,"новостройка, 
            кирпично-монолитный",свободная,"3 492 000 руб.

                

                    3 675 825 руб.",12 / 15
263,1 лодж.,двор,,,"20
                мин.
                
                    пешком",–,"[37.473391,55.869424]",2 пасс. + 1 груз.,"Речной вокзал,","27,5 м2",,,–,–,,,,1 кв. 2019 года,1,,,"новостройка, 
            монолитный",свободная,3 498 000 руб.,7 / 17
264,1 лодж.,–,,,NA,"17,6 м2","[37.442572,55.517495]",–,NA,"35,6 м2",,,"17,6 м2",8 м2,,отсутствует,,,1,,,вторичка,свободная,3 500 000 руб.,3 / 9
265,1 балк.,двор,"2,70 м",2012,NA,18 м2,"[37.248823,55.448842]",–,"Румянцево,",33 м2,,наземная,18 м2,7 м2,,евроремонт,,,1,,нет,вторичка,свободная,3 500 000 руб.,3 / 4
266,1 лодж.,двор и улица,"3,20 м",2015,NA,18 м2,"[37.207150,55.593278]",1 пасс. + 1 груз.,NA,40 м2,,,18 м2,10 м2,,отсутствует,,,1,,да,"вторичка, 
            кирпичный",свободная,3 500 000 руб.,14 / 19
267,1 балк.,двор и улица,,2016,"15
                мин.
                
                    пешком",15 м2,"[37.536212,55.504134]",1 пасс. + 1 груз.,"Бунинская аллея,",27 м2,,наземная,15 м2,6 м2,,отсутствует,,,1,,,"вторичка, 
            кирпично-монолитный",свободная,3 499 999 руб.,2 / 22
268,1 балк.,улица,,2016,"20
                мин.
                
                    пешком",20 м2,"[37.563314,55.508743]",2 пасс. + 1 груз.,"Бунинская аллея,",30 м2,,наземная,20 м2,6 м2,,косметический,,,1,,нет,"вторичка, 
            кирпично-монолитный",свободная,3 500 000 руб.,19 / 19
269,1 лодж.,двор и улица,3 м,2016,NA,16 м2,"[37.536850,55.503206]",2 пасс. + 2 груз.,NA,30 м2,,наземная,16 м2,7 м2,,отсутствует,,,1,,нет,вторичка,свободная,3 500 000 руб.,18 / 22
270,–,улица,,1975,"35
                мин.
                
                    на машине",18 м2,"[37.167418,55.600216]",1 пасс.,"Юго-Западная,",33 м2,,наземная,18 м2,6 м2,,отсутствует,,,1,,да,вторичка,свободная,3 500 000 руб.,4 / 9
271,–,двор,"2,80 м",,NA,18 м2,"[37.200925,56.006698]",–,"Пятницкое шоссе,",34 м2,,,18 м2,6 м2,1,отсутствует,,,1,,,"вторичка, 
            блочный",свободная,3 500 000 руб.,9 / 9
272,1 лодж.,двор и улица,,,"20
                мин.
                
                    на машине",22 м2,"[37.282896,55.452921]",1 пасс. + 1 груз.,"Теплый Стан,",43 м2,,многоуровневая,21 м2,11 м2,,,,3 кв. 2017 года,1,,,"новостройка, 
            монолитный",переуступка,3 500 000 руб.,4 / 5
273,1 лодж.,двор,,1994,NA,30 м2,"[37.382555,55.374575]",–,NA,50 м2,,,50 м2,"7,5 м2",1,косметический,,,,,да,вторичка,свободная,3 500 000 руб.,5 / 5
274,–,двор,,1962,"9
                мин.
                
                    пешком","13,3 м2","[37.732179,55.809499]",–,"Бульвар Рокоссовского,","17,4 м2",,,"13,3 м2",–,,косметический,,,1,,,вторичка,свободная,3 500 000 руб.,1 / 5
275,1 балк.,двор,,,"30
                мин.
                
                    на машине","17,3 м2","[37.150548,55.966409]",1 пасс. + 1 груз.,"Пятницкое шоссе,","34,6 м2",,,17.27 м2,"9,2 м2",,,,3 кв. 2018 года,1,,,"новостройка, 
            монолитный",свободная,3 501 520 руб.,8 / 18
276,1 балк.,двор,,,"30
                мин.
                
                    на машине","17,3 м2","[37.150548,55.966409]",1 пасс. + 1 груз.,"Пятницкое шоссе,","34,6 м2",,,17.27 м2,"9,2 м2",,,,3 кв. 2018 года,1,,,"новостройка, 
            монолитный",свободная,3 502 532 руб.,7 / 18
277,1 балк.,улица,,,"7
                мин.
                
                    на машине",–,"[37.495383,55.569153]",1 пасс. + 1 груз.,"Бунинская аллея,",37 м2,,,–,–,1,,,2 кв. 2019 года,,,,"новостройка, 
            кирпично-монолитный",свободная,3 503 664 руб.,2 / 15
278,1 балк.,двор,,,"10
                мин.
                
                    на машине","10,8 м2","[37.410774,55.661196]",1 пасс. + 1 груз.,"Юго-Западная,","22,9 м2",,,10.8 м2,"5,1 м2",,,,4 кв. 2018 года,1,,,"новостройка, 
            панельный дом",свободная,3 515 150 руб.,13 / 25
279,1 балк.,улица,,,NA,–,"[37.474049,55.871854]",1 пасс. + 2 груз.,NA,30 м2,есть,,–,–,,,,4 кв. 2017 года,1,,,новостройка,свободная,3 515 136 руб.,2 / 9
280,нет,двор,,,"5
                мин.
                
                    на машине","18,1 м2","[37.484935,55.541158]",1 пасс. + 1 груз.,"Бунинская аллея,","34,9 м2",,,18.1 м2,"8,8 м2",,,,4 кв. 2018 года,1,,,"новостройка, 
            монолитный",свободная,3 521 410 руб.,2 / 18
